"date","open","high","low","close","volume","tenkan_sen","kijun_sen","senkou_span_a","senkou_span_b","chikou_span"
2025-01-30,70.5400009155273,72.2399978637695,70.1399993896484,71.4499969482422,617400,70.08,66.595,68.3375,69.285,71.45
2025-01-31,71.9899978637695,71.9899978637695,66.2200012207031,66.6399993896484,1154500,69.23,66.595,67.9125,69.285,66.64
2025-02-03,65.5800018310547,67.8399963378906,65.3499984741211,66.8000030517578,1006800,68.795,66.655,67.725,69.285,66.8
2025-02-04,66.75,67.6600036621094,65.7300033569336,66.7600021362305,713900,68.795,66.655,67.725,69.285,66.76
2025-02-05,66.5299987792969,67.1699981689453,66.1800003051758,66.4700012207031,497400,68.795,66.655,67.725,69.285,66.47
2025-02-06,67.0999984741211,67.2399978637695,66,66.7099990844727,490300,68.795,66.655,67.725,69.285,66.71
2025-02-07,66.870002746582,68.3199996948242,66.129997253418,67.5100021362305,480800,68.795,66.685,67.74,69.285,67.51
2025-02-10,68.4899978637695,68.9400024414062,67.4400024414062,68.75,408600,68.795,66.79,67.7925,69.285,68.75
2025-02-11,68.9100036621094,71.3000030517578,68.9100036621094,71.0699996948242,325800,68.795,66.79,67.7925,69.12,71.07
2025-02-12,70.5,71.5599975585938,70.0800018310547,70.4800033569336,526600,68.67,67.495,68.0825,68.355,70.48
2025-02-13,69.6500015258789,70.7300033569336,69.4800033569336,70.2799987792969,400800,68.455,67.855,68.155,67.72,70.28
2025-02-14,70.1600036621094,71.0400009155273,69.0599975585938,69.25,379000,68.645,68.63,68.6375,67.72,69.25
2025-02-18,69.9199981689453,71.3199996948242,69.0500030517578,71.0899963378906,352700,68.78,68.795,68.7875,67.72,71.09
2025-02-19,71.2699966430664,71.5599975585938,70.4700012207031,71.4400024414062,332200,68.78,68.795,68.7875,67.72,71.44
2025-02-20,71.6100006103516,73.2399978637695,71.6100006103516,73,481400,69.685,69.295,69.49,67.72,73
2025-02-21,72.4000015258789,73.3300018310547,69.4899978637695,69.8099975585938,430300,70.385,69.34,69.8625,67.72,69.81
2025-02-24,69.7200012207031,70.4599990844727,68.8199996948242,68.9700012207031,463000,71.075,69.34,70.2075,67.72,68.97
2025-02-25,68.870002746582,69.7300033569336,67,68.4000015258789,422000,70.165,69.34,69.7525,67.72,68.4
2025-02-26,68.620002746582,68.6600036621094,67.2799987792969,68.120002746582,351300,70.165,69.34,69.7525,67.72,68.12
2025-02-27,68.2399978637695,69.1900024414062,67.5899963378906,67.5899963378906,441900,70.165,69.34,69.7525,67.72,67.59
2025-02-28,67.5500030517578,68.3099975585938,66.870002746582,67.8399963378906,447300,70.1,69.34,69.72,67.72,67.84
2025-03-03,68,68.8000030517578,65.3099975585938,66.2300033569336,986900,69.32,69.32,69.32,67.14,66.23
2025-03-04,64.3499984741211,66.3899993896484,63.9199981689453,65.6800003051758,797900,68.625,68.625,68.625,67.14,65.68
2025-03-05,64.5899963378906,65.2900009155273,62.689998626709,64.1999969482422,691900,68.01,68.01,68.01,67.14,64.2
2025-03-06,64.0599975585938,65.5400009155273,63.6300010681152,65.129997253418,429100,66.575,68.01,67.2925,67.14,65.13
2025-03-07,65.0400009155273,69.2900009155273,65.0400009155273,68.6800003051758,689600,66.21,68.01,67.11,67.14,68.68
2025-03-10,69,70.4700012207031,68.0800018310547,69.1900024414062,701300,66.58,68.01,67.295,67.14,69.19
2025-03-11,69.4700012207031,69.7699966430664,66.3399963378906,66.4000015258789,690400,66.58,68.01,67.295,67.14,66.4
2025-03-12,66.6800003051758,67.8499984741211,65.9199981689453,67.0599975585938,437000,66.58,68.01,67.295,67.2,67.06
2025-03-13,67.0999984741211,68.2099990844727,66.3499984741211,66.620002746582,326200,66.58,68.01,67.295,67.2,66.62
2025-03-14,66.9199981689453,68.0199966430664,66.5800018310547,67.9000015258789,325600,66.58,68.01,67.295,67.2,67.9
2025-03-17,67.9899978637695,69.5999984741211,67.9899978637695,69.1500015258789,298000,66.58,68.01,67.295,67.2,69.15
2025-03-18,69.3499984741211,69.4700012207031,68.4700012207031,69.1100006103516,204400,67.05,68.01,67.53,67.23,69.11
2025-03-19,69.6500015258789,70.620002746582,68.9599990844727,70.3199996948242,329900,67.83,68.01,67.92,67.335,70.32
2025-03-20,69.6800003051758,71.6100006103516,69.0100021362305,71.2600021362305,373100,68.765,68.01,68.3875,67.335,71.26
2025-03-21,70.9199981689453,71.5999984741211,70.3000030517578,71.2099990844727,394000,68.765,68.01,68.3875,68.01,71.21
2025-03-24,71.4700012207031,73.3499984741211,71.4199981689453,72.7900009155273,316500,69.635,68.02,68.8275,68.02,72.79
2025-03-25,73.3099975585938,73.9199981689453,73.0100021362305,73.3399963378906,240200,70.135,68.305,69.22,68.305,73.34
2025-03-26,73.8199996948242,74.0400009155273,72.9800033569336,73.1600036621094,330100,70.31,68.365,69.3375,68.365,73.16
2025-03-27,71.620002746582,73.0999984741211,71.1100006103516,72.2699966430664,330400,71.015,68.365,69.69,68.365,72.27
2025-03-28,72,72.4000015258789,70.8300018310547,70.8399963378906,329100,71.255,68.365,69.81,68.365,70.84
2025-03-31,70.4100036621094,72.5100021362305,70.1500015258789,72.3199996948242,311600,71.5,68.365,69.9325,68.365,72.32
2025-04-01,72.2200012207031,72.8899993896484,71.1699981689453,72.8899993896484,225500,71.525,68.365,69.945,68.365,72.89
2025-04-02,73.620002746582,73.620002746582,71.4300003051758,73.5299987792969,276500,72.095,68.365,70.23,68.365,73.53
2025-04-03,70.3399963378906,71.129997253418,67.9499969482422,68.5899963378906,767100,70.995,68.365,69.68,68.365,68.59
2025-04-04,65.4499969482422,66.1600036621094,62.6699981689453,63.4700012207031,939000,68.355,68.355,68.355,68.355,63.47
2025-04-07,62,64.1800003051758,59.7999992370605,61.9000015258789,927600,66.92,66.92,66.92,66.92,61.9
2025-04-08,63.5099983215332,64.0899963378906,59.560001373291,60.2200012207031,947400,66.59,66.8,66.695,66.8,60.22
2025-04-09,60.2299995422363,65.1100006103516,58.7599983215332,64.6100006103516,965000,66.19,66.4,66.295,66.4,64.61
2025-04-10,62.7299995422363,63.2000007629395,59.2999992370605,60.2700004577637,617300,66.19,66.4,66.295,66.4,60.27
2025-04-11,60.3400001525879,63.1199989318848,59.6699981689453,62.5800018310547,615000,66.19,66.4,66.295,66.4,62.58
2025-04-14,64.3099975585938,64.3099975585938,61.5999984741211,62.2000007629395,537500,66.19,66.4,66.295,66.4,62.2
2025-04-15,62.060001373291,62.9599990844727,60.6599998474121,60.9500007629395,378700,64.945,66.4,65.6725,66.4,60.95
2025-04-16,61.1199989318848,63.0299987792969,61.1199989318848,62.1599998474121,397400,62.46,66.4,64.43,66.4,62.16
2025-04-17,62.7299995422363,64.5500030517578,62.2900009155273,63.7000007629395,664400,61.935,66.4,64.1675,66.4,63.7
2025-04-21,63.8300018310547,65.120002746582,63.2000007629395,64.8499984741211,591600,61.94,66.4,64.17,66.4,64.85
2025-04-22,65.6500015258789,68.0699996948242,65.6500015258789,67.9700012207031,698500,63.415,66.4,64.9075,66.4,67.97
2025-04-23,68.2799987792969,68.9499969482422,66.4499969482422,67.1600036621094,510600,64.125,66.4,65.2625,66.4,67.16
2025-04-24,67.5,68.3600006103516,67.25,68.1399993896484,403200,64.31,66.4,65.355,66.4,68.14
2025-04-25,67.5299987792969,69.2099990844727,67.5299987792969,68.9199981689453,406000,64.935,66.4,65.6675,66.4,68.92
2025-04-28,68.8199996948242,69.6800003051758,68.5199966430664,69.4499969482422,286000,65.17,66.4,65.785,66.4,69.45
2025-04-29,68.9599990844727,69.9199981689453,68.0899963378906,69.4199981689453,386900,65.52,66.4,65.96,66.4,69.42
2025-04-30,67.9700012207031,69.0199966430664,66.4599990844727,67.379997253418,458300,66.105,66.4,66.2525,66.4,67.38
2025-05-01,66.8099975585938,68.9499969482422,66.8099975585938,68.0699996948242,468200,66.56,66.4,66.48,66.4,68.07
2025-05-02,70.7900009155273,70.7900009155273,68.2799987792969,68.7799987792969,503300,68.22,66.19,67.205,66.4,68.78
2025-05-05,68.0100021362305,68.1800003051758,66.620002746582,67.7099990844727,468500,68.62,66.19,67.405,66.4,67.71
2025-05-06,68.2799987792969,68.6900024414062,67.7099990844727,68.3899993896484,340500,68.625,66.19,67.4075,66.4,68.39
2025-05-07,68.8600006103516,68.8600006103516,67.5500030517578,68.4400024414062,349100,68.625,66.19,67.4075,66.4,68.44
2025-05-08,69,70.1800003051758,67.5,69.5299987792969,460000,68.625,66.19,67.4075,66.4,69.53
2025-05-09,70.2600021362305,71.5400009155273,70.0400009155273,71.1699981689453,315500,69,65.15,67.075,66.4,71.17
2025-05-12,73.370002746582,73.370002746582,71.7200012207031,72.4700012207031,413700,69.915,66.065,67.99,66.4,72.47
2025-05-13,73.370002746582,73.9000015258789,72.4300003051758,73.5999984741211,277100,70.26,66.33,68.295,66.4,73.6
2025-05-14,73,73.7799987792969,72.4100036621094,72.7399978637695,274800,70.26,66.33,68.295,66.4,72.74
2025-05-15,71.8199996948242,72.4400024414062,71.3300018310547,72.3300018310547,315400,70.26,66.33,68.295,66.4,72.33
2025-05-16,72.0899963378906,72.6399993896484,71.5,72.5,287000,70.7,66.6,68.65,66.4,72.5
2025-05-19,72.3000030517578,72.3099975585938,71.4700012207031,72.0100021362305,164900,70.7,66.785,68.7425,66.4,72.01
2025-05-20,72.3099975585938,72.7799987792969,71.1800003051758,71.9300003051758,251600,70.7,67.28,68.99,66.4,71.93
2025-05-21,71.3899993896484,73.0299987792969,71.3899993896484,72.0500030517578,255000,71.97,67.28,69.625,66.4,72.05
2025-05-22,71.7799987792969,71.7799987792969,70.2900009155273,71.2099990844727,360800,72.095,67.51,69.8025,66.4,71.21
2025-05-23,70.6100006103516,71.879997253418,70.6100006103516,71.6900024414062,307400,72.095,68.095,70.095,66.4,71.69
2025-05-27,71.9899978637695,72.5100021362305,71.0199966430664,72.3399963378906,239000,72.035,68.55,70.2925,66.4,72.34
2025-05-28,72.8300018310547,72.8300018310547,71.4400024414062,71.7200012207031,358400,71.66,69.775,70.7175,66.4,71.72
2025-05-29,71.6900024414062,72.4400024414062,71.5899963378906,71.8199996948242,347900,71.66,70.175,70.9175,66.4,71.82
2025-05-30,71.4199981689453,71.6800003051758,70.870002746582,71.3499984741211,375900,71.66,70.18,70.92,66.4,71.35
2025-06-02,72.5999984741211,73.0100021362305,71.6699981689453,72.5899963378906,390800,71.66,70.18,70.92,66.4,72.59
2025-06-03,72.2099990844727,73.7600021362305,71.2300033569336,73.5999984741211,532600,72.025,70.18,71.1025,66.4,73.6
2025-06-04,73.2200012207031,73.5699996948242,70.9899978637695,72.2399978637695,482200,72.025,70.18,71.1025,66.4,72.24
2025-06-05,73.620002746582,73.620002746582,72.4599990844727,72.9599990844727,508700,72.185,70.18,71.1825,66.4,72.96
2025-06-06,73.629997253418,74.4199981689453,73.1500015258789,73.5400009155273,477200,72.645,70.52,71.5825,66.59,73.54
2025-06-09,73.6999969482422,74.3499984741211,73.1900024414062,73.4100036621094,324900,72.645,70.52,71.5825,66.59,73.41
2025-06-10,74.1500015258789,75.7300033569336,74.0500030517578,75.1699981689453,262300,73.3,71.175,72.2375,67.245,75.17
2025-06-11,76,77.7600021362305,75.3199996948242,77.5199966430664,447700,74.315,72.63,73.4725,68.26,77.52
2025-06-12,77.120002746582,79.0100021362305,77.120002746582,78.9800033569336,361100,75,73.255,74.1275,68.885,78.98
2025-06-13,80.5599975585938,81.9499969482422,79.7699966430664,81.9100036621094,705500,76.47,74.725,75.5975,70.355,81.91
2025-06-16,81.3199996948242,82.8499984741211,81.0800018310547,81.3199996948242,397700,76.92,76.445,76.6825,70.805,81.32
2025-06-17,82.0100021362305,82.4899978637695,81.25,81.5500030517578,380400,77.655,76.57,77.1125,70.805,81.55
2025-06-18,82.0199966430664,82.7300033569336,80.629997253418,81.120002746582,471400,78,76.57,77.285,70.805,81.12
2025-06-20,81.2600021362305,82,80.6800003051758,81.0299987792969,775000,78.02,76.57,77.295,70.805,81.03
2025-06-23,82.620002746582,82.8000030517578,78.7799987792969,79.0400009155273,486700,78.45,76.57,77.51,70.805,79.04
2025-06-24,77.1999969482422,80.0400009155273,77.1999969482422,78.75,568800,79.085,76.57,77.8275,70.805,78.75
2025-06-25,78.75,80.5899963378906,78.25,80.0800018310547,540000,79.985,76.57,78.2775,71.075,80.08
2025-06-26,80.3899993896484,81.6500015258789,78.0299987792969,81.3300018310547,346200,80.025,76.57,78.2975,71.26,81.33
2025-06-27,81.8000030517578,81.8499984741211,78.6900024414062,79.3499984741211,444200,80.025,76.57,78.2975,71.755,79.35
2025-06-30,78.620002746582,79.7900009155273,78.620002746582,79.4800033569336,261700,80,76.57,78.285,71.755,79.48
2025-07-01,79.3499984741211,80.8600006103516,78.370002746582,80.4400024414062,238700,80,76.73,78.365,71.985,80.44
2025-07-02,80.9700012207031,81.1100006103516,79.379997253418,80.9800033569336,347200,80,76.86,78.43,72.57,80.98
2025-07-03,80.6500015258789,81.4400024414062,80.2699966430664,81.4300003051758,140400,80,76.86,78.43,73.025,81.43
2025-07-07,80.7399978637695,81.3199996948242,79.629997253418,80.1500015258789,296500,79.525,76.86,78.1925,74.25,80.15
2025-07-08,79.9400024414062,81.1999969482422,79.5999984741211,80.6999969482422,551000,79.94,76.86,78.4,74.65,80.7
2025-07-09,80.370002746582,80.9100036621094,79.8899993896484,80.0299987792969,308700,79.94,76.92,78.43,74.655,80.03
2025-07-10,79.5899963378906,81.0599975585938,78.870002746582,80.8600006103516,316300,80.11,76.92,78.515,74.655,80.86
2025-07-11,81.0999984741211,82.7200012207031,80.7300033569336,82.5299987792969,402600,80.545,76.92,78.7325,74.655,82.53
2025-07-14,82.6399993896484,83.2399978637695,81.7799987792969,83.1600036621094,380800,80.805,77.85,79.3275,74.85,83.16
2025-07-15,82.9700012207031,83.3300018310547,81.6600036621094,81.9700012207031,380300,81.1,78.24,79.67,74.895,81.97
2025-07-16,82.0299987792969,82.4499969482422,80.9499969482422,82.0500030517578,298600,81.1,78.26,79.68,74.975,82.05
2025-07-17,81.8300018310547,82.4000015258789,81.4599990844727,81.9899978637695,358200,81.1,78.69,79.895,74.975,81.99
2025-07-18,82.8099975585938,83.6500015258789,82.120002746582,82.3099975585938,411800,81.26,79.485,80.3725,75.135,82.31
2025-07-21,82.5999984741211,82.6800003051758,81.6600036621094,81.9199981689453,314600,81.26,80.385,80.8225,75.575,81.92
2025-07-22,82.0199966430664,83.870002746582,81.7099990844727,83.4800033569336,381400,81.37,80.535,80.9525,75.685,83.48
2025-07-23,83.2300033569336,84.4899978637695,83.0999984741211,84.0100021362305,434300,82.61,80.845,81.7275,75.995,84.01
2025-07-24,83.7900009155273,85.0199966430664,83.0599975585938,84.0899963378906,430300,82.985,81.11,82.0475,77.53,84.09
2025-07-25,83.7900009155273,83.9100036621094,82.6900024414062,83.6800003051758,364500,82.985,81.11,82.0475,77.655,83.68
2025-07-28,84.1800003051758,85.3499984741211,84.0100021362305,84.8899993896484,338700,83.15,81.275,82.2125,77.82,84.89
2025-07-29,84.8099975585938,86.2600021362305,84.8099975585938,85.6800003051758,432300,83.86,81.73,82.795,78.275,85.68
2025-07-30,85.7200012207031,85.8499984741211,83.9100036621094,84.3000030517578,367700,83.96,81.73,82.845,78.275,84.3
2025-07-31,83.4400024414062,84.370002746582,83.0100021362305,83.4700012207031,484200,83.96,82.145,83.0525,78.275,83.47
2025-08-01,82.8099975585938,83.5199966430664,81.870002746582,83.3199996948242,581500,83.985,82.145,83.065,78.275,83.32
2025-08-04,83.0299987792969,84.4499969482422,82.0800018310547,84.3499984741211,372100,84.065,82.315,83.19,78.275,84.35
2025-08-05,84.3600006103516,85,83.4499969482422,84.9100036621094,411300,84.065,82.315,83.19,78.275,84.91
2025-08-06,85.5299987792969,86.9100036621094,84.7900009155273,85.5299987792969,457700,84.39,82.64,83.515,78.6,85.53
2025-08-07,86.5599975585938,86.870002746582,84.8899993896484,84.9400024414062,301300,84.39,82.89,83.64,78.76,84.94
2025-08-08,85.129997253418,85.8099975585938,84.6800003051758,85.3099975585938,348200,84.39,82.89,83.64,78.89,85.31
2025-08-11,85.4899978637695,85.6600036621094,83.1500015258789,83.3600006103516,435200,84.39,82.89,83.64,78.89,83.36
2025-08-12,83.4599990844727,84.120002746582,83.370002746582,83.370002746582,332500,84.39,82.89,83.64,78.89,83.37
2025-08-13,83.2600021362305,84.0999984741211,82.7900009155273,83.4499969482422,392800,84.39,82.89,83.64,78.89,83.45
2025-08-14,83.1399993896484,83.8099975585938,82.6699981689453,83.2099990844727,272300,84.495,82.89,83.6925,78.95,83.21
2025-08-15,83.1399993896484,83.8199996948242,83.0699996948242,83.5999984741211,306700,84.79,83.82,84.305,78.95,83.6
2025-08-18,83.3000030517578,83.7699966430664,82.7200012207031,83.620002746582,356900,84.79,83.93,84.36,78.95,83.62
2025-08-19,83.5500030517578,83.9499969482422,82.4499969482422,82.5699996948242,211500,84.66,83.93,84.295,79.685,82.57
2025-08-20,82.7699966430664,83.6999969482422,82.7699966430664,83.3499984741211,253400,84.13,83.93,84.03,80.03,83.35
2025-08-21,83.1900024414062,84.7099990844727,83.1900024414062,84.4199981689453,315900,84.055,84.185,84.12,80.05,84.42
2025-08-22,84.5999984741211,87.370002746582,84.3600006103516,87.370002746582,492700,84.91,84.515,84.7125,80.71,87.37
2025-08-25,87.7399978637695,88.0199966430664,87.1999969482422,87.8499984741211,255900,85.235,84.84,85.0375,81.67,87.85
2025-08-26,87.370002746582,87.8600006103516,86.9100036621094,87.7900009155273,264700,85.235,84.865,85.05,82.57,87.79
2025-08-27,87.4300003051758,89.8399963378906,87.4300003051758,89.8199996948242,297000,86.145,85.855,86,83.52,89.82
2025-08-28,89.9599990844727,90.6399993896484,89.4700012207031,90.5,484800,86.545,86.255,86.4,83.92,90.5
2025-08-29,90.4000015258789,91.1699981689453,90.1699981689453,90.7799987792969,218400,86.81,86.52,86.665,84.185,90.78
2025-09-02,90.1600036621094,90.7099990844727,87.8300018310547,89.2200012207031,594100,86.97,86.52,86.745,84.185,89.22
2025-09-03,88.4700012207031,88.8300018310547,86.9199981689453,88.1699981689453,526800,87.18,86.52,86.85,84.185,88.17
2025-09-04,87.2200012207031,88.1800003051758,87.1100006103516,87.4700012207031,608300,87.765,86.52,87.1425,84.185,87.47
2025-09-05,87.120002746582,87.8600006103516,86.6500015258789,87.2799987792969,388400,88.91,86.52,87.715,84.185,87.28
2025-09-08,87.6600036621094,87.9499969482422,86.6800003051758,87.4199981689453,406200,88.91,86.52,87.715,84.6,87.42
2025-09-09,87.8300018310547,90.6600036621094,87.8300018310547,89.5599975585938,306500,88.91,86.625,87.7675,84.6,89.56
2025-09-10,89.1800003051758,91.7799987792969,89.1800003051758,91.4700012207031,319100,89.215,87.115,88.165,85.075,91.47
2025-09-11,90.6999969482422,92.1500015258789,90.6999969482422,91.8499984741211,354100,89.4,87.3,88.35,85.26,91.85
2025-09-12,91.8899993896484,92.3300018310547,90.870002746582,90.9199981689453,316700,89.49,87.39,88.44,85.35,90.92
2025-09-15,91.6699981689453,93.0899963378906,90.8000030517578,92.9599990844727,455000,89.87,87.77,88.82,85.98,92.96
2025-09-16,93.3300018310547,96.0899963378906,93.2399978637695,95.1600036621094,569000,91.37,89.27,90.32,87.48,95.16
2025-09-17,95.2600021362305,95.4599990844727,93.9499969482422,94.5,526400,91.37,89.27,90.32,87.48,94.5
2025-09-18,94.6100006103516,94.7699966430664,93.0899963378906,93.9599990844727,256900,91.385,89.27,90.3275,87.48,93.96
2025-09-19,93.7300033569336,94.370002746582,91.7900009155273,91.8300018310547,714700,91.96,89.27,90.615,87.48,91.83
2025-09-22,92,93.5599975585938,90.5699996948242,92.6699981689453,218100,92.635,89.27,90.9525,87.48,92.67
2025-09-23,93.3199996948242,94.8000030517578,93.2900009155273,93.629997253418,350600,93.33,89.27,91.3,88.41,93.63
2025-09-24,94,94.4300003051758,93.8300018310547,93.9400024414062,227600,93.33,89.27,91.3,88.52,93.94
2025-09-25,94,94,92.6999969482422,93.370002746582,280900,93.33,89.43,91.38,88.52,93.37
2025-09-26,93.3600006103516,94.5999984741211,93.0400009155273,93.2600021362305,268100,93.33,89.64,91.485,88.52,93.26
2025-09-29,93.0500030517578,93.0599975585938,92.0199966430664,92.0299987792969,274100,93.015,90.225,91.62,88.775,92.03
2025-09-30,90.9100036621094,90.9700012207031,88.9400024414062,90.7399978637695,590400,91.87,91.37,91.62,88.875,90.74
2025-10-01,90.379997253418,91.379997253418,89.2099990844727,90.0100021362305,470300,91.87,91.37,91.62,88.875,90.01
2025-10-02,89.7399978637695,90.8099975585938,89.0999984741211,89.2200012207031,363100,91.87,91.37,91.62,88.9,89.22
2025-10-03,89.7200012207031,90.7900009155273,89.2399978637695,90.0400009155273,311000,91.87,91.37,91.62,88.98,90.04
2025-10-06,90.8000030517578,91.25,89.3899993896484,91.0500030517578,292000,91.77,91.37,91.57,88.98,91.05
2025-10-07,90.9300003051758,91.1999969482422,89.2900009155273,90.75,222400,91.77,91.37,91.57,88.98,90.75
2025-10-08,90.9700012207031,90.9700012207031,87.7799987792969,89.4499969482422,318100,91.19,91.37,91.28,88.98,89.45
2025-10-09,89.6100006103516,90.5100021362305,88.0299987792969,88.0899963378906,337200,90.42,91.37,90.895,88.98,88.09
2025-10-10,87.3099975585938,88.0800018310547,86.9599990844727,87.0699996948242,411700,89.17,91.37,90.27,88.98,87.07
2025-10-13,87.6999969482422,88.7399978637695,87.3600006103516,88.25,190700,89.17,91.385,90.2775,88.98,88.25
2025-10-14,87.0199966430664,89.0299987792969,86.9199981689453,87.8099975585938,353600,89.085,91.505,90.295,88.98,87.81
2025-10-15,88.1399993896484,88.8000030517578,85.5899963378906,85.9599990844727,521600,88.42,90.84,89.63,89.085,85.96
2025-10-16,86.2399978637695,86.2399978637695,84.4400024414062,84.6800003051758,565200,87.845,90.265,89.055,89.27,84.68
2025-10-17,84.8399963378906,85.2900009155273,84.4700012207031,85.0400009155273,424500,87.82,90.265,89.0425,89.27,85.04
2025-10-20,85.120002746582,86.5199966430664,84.370002746582,86.2799987792969,362700,87.67,90.23,88.95,89.27,86.28
2025-10-21,86.6399993896484,87,85.1100006103516,85.25,1369800,87.44,90.23,88.835,89.27,85.25
2025-10-22,85.3499984741211,88.4800033569336,85.2600021362305,88.120002746582,480200,86.7,89.915,88.3075,89.27,88.12
2025-10-23,89.3399963378906,91.3899993896484,89.3000030517578,89.9300003051758,498000,87.88,89.585,88.7325,89.27,89.93
2025-10-24,90.0599975585938,91.3899993896484,89.4000015258789,91.0199966430664,555900,87.88,89.585,88.7325,89.27,91.02
2025-10-27,91.0800018310547,91.870002746582,90.9400024414062,91.370002746582,351400,88.12,89.585,88.8525,89.27,91.37
2025-10-28,91.0199966430664,91.6399993896484,90.4899978637695,91.4000015258789,508000,88.12,89.585,88.8525,89.27,91.4
2025-10-29,91.629997253418,94.2399978637695,91.0699996948242,92.3899993896484,817300,89.305,89.485,89.395,89.27,92.39
2025-10-30,92.370002746582,92.4599990844727,91.25,91.25,410600,89.305,89.485,89.395,89.27,91.25
2025-10-31,92.3600006103516,92.5800018310547,88.0599975585938,88.2099990844727,849200,89.675,89.485,89.58,89.43,88.21
2025-11-03,88.7099990844727,89.8600006103516,87.3899993896484,89.8600006103516,562200,89.75,89.305,89.5275,89.64,89.86
2025-11-04,88.6600036621094,88.6600036621094,87.2300033569336,88.2399978637695,365100,90.735,89.305,90.02,90.225,88.24
2025-11-05,88.3499984741211,90.1600036621094,87.3000030517578,88.9800033569336,520800,90.735,89.305,90.02,90.23,88.98
2025-11-06,89.0100021362305,91.1399993896484,89.0100021362305,90.8899993896484,335500,90.735,89.305,90.02,90.23,90.89
2025-11-07,91.1900024414062,93.7600021362305,90.5,93.4400024414062,519000,90.735,89.305,90.02,90.23,93.44
2025-11-10,93.6100006103516,95.8300018310547,92.3899993896484,95.5199966430664,641100,91.53,90.1,90.815,90.23,95.52
2025-11-11,95.9800033569336,96.5800018310547,95.8600006103516,96.1600036621094,267700,91.905,90.475,91.19,90.475,96.16
2025-11-12,95.6399993896484,97.1100006103516,94.4100036621094,96.7600021362305,566900,92.17,90.74,91.455,90.74,96.76
2025-11-13,96.1399993896484,97.9000015258789,95.7099990844727,96.129997253418,492500,92.565,91.135,91.85,91.135,96.13
2025-11-14,96.6500015258789,99.1699981689453,95.6500015258789,98.9300003051758,493100,93.2,91.77,92.485,91.77,98.93
2025-11-17,99.1900024414062,99.4899978637695,98.0699996948242,98.7200012207031,980000,93.395,91.93,92.6625,91.93,98.72
2025-11-18,98.0599975585938,101.01000213623,98,100.830001831055,325300,95.01,92.69,93.85,92.69,100.83
2025-11-19,99.7099990844727,99.8899993896484,97.129997253418,98.9100036621094,406800,95.755,92.69,94.2225,92.69,98.91
2025-11-20,99.5800018310547,100.019996643066,97.870002746582,97.9100036621094,458900,96.7,92.69,94.695,92.69,97.91
2025-11-21,97.9199981689453,97.9199981689453,96.629997253418,97.2799987792969,305200,97.71,92.69,95.2,92.69,97.28
2025-11-24,97.1699981689453,97.6800003051758,95.6800003051758,97.4100036621094,351500,97.71,92.69,95.2,92.69,97.41
2025-11-25,96.7900009155273,98.25,96.0999984741211,97.7099990844727,421200,98.33,93.06,95.695,92.69,97.71
2025-11-26,97.8300018310547,99.7200012207031,97.8300018310547,98.7399978637695,711800,98.33,93.135,95.7325,92.69,98.74
2025-11-28,99.1100006103516,100.269996643066,98.6100006103516,98.8000030517578,270100,98.345,94.12,96.2325,92.69,98.8
2025-12-01,100.690002441406,100.709999084473,98.0299987792969,98.1999969482422,235500,98.345,94.12,96.2325,92.69,98.2
2025-12-02,98.0599975585938,98.0599975585938,94.6800003051758,94.9400024414062,1212800,97.695,94.12,95.9075,92.69,94.94
2025-12-03,94.6500015258789,96.6600036621094,94.6500015258789,96.1999969482422,691700,97.68,94.12,95.9,92.69,96.2
2025-12-04,96.4400024414062,96.7300033569336,93.379997253418,94.1100006103516,977000,97.045,94.12,95.5825,92.69,94.11
2025-12-05,93.8399963378906,94.5100021362305,92.2900009155273,92.4000015258789,574300,96.5,94.12,95.31,92.69,92.4
2025-12-08,91.5299987792969,92.9100036621094,90.2900009155273,90.6100006103516,620800,95.5,94.12,94.81,92.69,90.61
2025-12-09,91.0500030517578,92.5999984741211,90.5599975585938,90.6999969482422,523800,95.5,94.12,94.81,92.69,90.7
2025-12-10,90.9800033569336,92.3399963378906,90.0199966430664,91.9599990844727,320500,95.365,94.12,94.7425,92.69,91.96
2025-12-11,91.3099975585938,92.3899993896484,90.8199996948242,92.2799987792969,406400,95.365,94.155,94.76,92.69,92.28
2025-12-12,92.3099975585938,92.4700012207031,91.1600036621094,91.9000015258789,288500,94.04,95.01,94.525,92.69,91.9
2025-12-15,91.6600036621094,91.7099990844727,88.9300003051758,89.870002746582,426900,92.83,94.97,93.9,92.69,89.87
2025-12-16,88.9599990844727,89.1999969482422,85.2300033569336,85.2900009155273,917100,90.98,93.12,92.05,92.69,85.29
2025-12-17,86.1800003051758,86.1800003051758,84.6399993896484,84.9899978637695,742400,89.575,92.825,91.2,92.69,84.99
2025-12-18,84.870002746582,84.9300003051758,83.2900009155273,83.7200012207031,542400,88.1,92.15,90.125,92.15,83.72
2025-12-19,83.6699981689453,84.5500030517578,83.2699966430664,84.120002746582,853300,87.935,92.14,90.0375,92.14,84.12
2025-12-22,85.2300033569336,85.9300003051758,84.620002746582,85.1999969482422,419100,87.87,92.14,90.005,92.14,85.2
2025-12-23,85.3000030517578,86.2699966430664,85.25,85.8199996948242,305000,87.87,92.14,90.005,92.14,85.82
2025-12-24,85.6500015258789,86.2399978637695,85.6500015258789,85.8499984741211,106300,87.87,92.14,90.005,92.14,85.85
2025-12-26,85.5999984741211,86.0800018310547,85.2799987792969,85.5699996948242,162500,87.49,91.99,89.74,92.14,85.57
2025-12-29,88.7200012207031,88.7200012207031,85.129997253418,85.9499969482422,455300,86.235,91.99,89.1125,92.14,85.95
2025-12-30,86.3499984741211,87.1600036621094,86.0599975585938,86.9599990844727,415400,85.995,91.99,88.9925,92.14,86.96
2025-12-31,87.1600036621094,87.1600036621094,86.0500030517578,86.3099975585938,304200,85.995,91.99,88.9925,92.14,86.31
2026-01-02,86.6100006103516,89.25,85.9499969482422,89.0899963378906,396200,86.26,91.99,89.125,92.14,89.09
2026-01-05,87.629997253418,88.370002746582,83.3099975585938,87.7399978637695,1722800,86.28,91.99,89.135,92.14,87.74
2026-01-06,87.8000030517578,89.9199981689453,87.0400009155273,87.6100006103516,1433500,86.615,91.99,89.3025,92.14,87.61
2026-01-07,88.0999984741211,88.0999984741211,86.0299987792969,87.129997253418,1023600,86.615,91.99,89.3025,92.14,87.13
2026-01-08,87.370002746582,89.6500015258789,86.5699996948242,88.9800033569336,973500,86.615,90.665,88.64,92.14,88.98
2026-01-09,89.1900024414062,91.4899978637695,89.1900024414062,90.3600006103516,556000,87.4,90,88.7,92.14,90.36
2026-01-12,90.6900024414062,93.129997253418,90.4300003051758,92.5,814700,88.22,90,89.11,92.14,92.5
2026-01-13,93.1800003051758,96.5999984741211,92.75,96.0500030517578,905700,89.955,89.935,89.945,92.14,96.05
2026-01-14,96.5,99.4100036621094,96.3899993896484,98.8899993896484,785100,91.36,91.34,91.35,92.14,98.89
2026-01-15,97.8099975585938,98.2900009155273,95.870002746582,96.2799987792969,659000,91.36,91.34,91.35,92.14,96.28
2026-01-16,95.5999984741211,98.75,95.5999984741211,97.9800033569336,550100,92.72,91.34,92.03,92.14,97.98
2026-01-20,97.9199981689453,99.1699981689453,96.7300033569336,97.3099975585938,615300,92.72,91.34,92.03,92.14,97.31
2026-01-21,98.370002746582,100.830001831055,98.3300018310547,100.199996948242,569700,93.7,92.05,92.875,92.14,100.2
2026-01-22,99.8600006103516,100.379997253418,98.379997253418,99.2099990844727,434200,95.01,92.05,93.53,92.14,99.21
2026-01-23,100.519996643066,102.050003051758,100.139999389648,101.23999786377,592800,96.24,92.66,94.45,92.66,101.24
2026-01-26,102.379997253418,102.540000915527,100.790000915527,101.580001831055,606500,97.645,92.905,95.275,92.905,101.58
2026-01-27,101.949996948242,104.089996337891,101.949996948242,103.190002441406,511000,99.845,93.68,96.7625,93.68,103.19
2026-01-28,104.080001831055,104.790000915527,102.040000915527,103.470001220703,411700,100.195,94.03,97.1125,94.03,103.47
2026-01-29,105.830001831055,106.639999389648,103.650001525879,105.709999084473,819200,101.12,94.975,98.0475,94.955,105.71
2026-01-30,103,103.830001831055,99.3000030517578,101.25,1539600,101.685,94.975,98.33,94.955,101.25
